trial_number,learning_rate,batch_size,hidden_size,num_layers,fold_1_val_loss,fold_2_val_loss,fold_3_val_loss,fold_4_val_loss,fold_5_val_loss,avg_validation_loss,test_mae_mean,test_mae_std,test_rmse_mean,test_rmse_std
0,4.5137745493762816e-05,32,128,2,79.70511627197266,115.0843276977539,94.94881439208984,115.5560531616211,67.8969497680664,94.63825225830078,9.308498954772949,0.2664030080238595,11.20582447052002,0.4347996420901493
1,0.0006210388221865215,16,256,1,98.95610809326172,92.30859375,102.6956558227539,58.87109375,88.6666259765625,88.29961547851562,9.205437850952148,0.053903166750894536,11.089760208129883,0.10406774711392426
2,4.3629264009888866e-05,128,128,2,90.88523864746094,115.08125305175781,118.09566497802734,115.5545883178711,81.17078399658203,104.15750579833984,9.209602355957031,0.2623816913471311,11.09012565612793,0.4125681022760579
